page,asset,status
"/downloads/","/wp-content/uploads/2016/12/Mens-en-Werk-Kerndoel-1-tm-6-leertekst.pdf","ok"
"/downloads/","/wp-content/uploads/2016/12/Multiculturele-Samenleving-Kerndoel-1-tm-5-leertekst.pdf","ok"
"/downloads/","/wp-content/uploads/2017/06/Massamedia-Kerndoel-1-tm-4-leertekst.pdf","ok"
"/downloads/","/wp-content/uploads/2018/04/Politiek-en-Beleid-Kerndoel-1-tm-5-leertekst.pdf","ok"
"/downloads/","/wp-content/uploads/2017/06/Criminaliteit-en-Rechtsstaat-Kerndoel-1-tm-5-leertekst.pdf","ok"
"/downloads/","/wp-content/uploads/2016/12/Analyse-Maatschappelijk-Vraagstuk-AMV-Kerndoel-1-tm-3.pdf","ok"
"/downloads/","/wp-content/uploads/2016/02/Nederlandse-Parlementaire-Democratie-A3.jpg","ok"
"/downloads/","/wp-content/uploads/2019/04/Checklist-CSE-Maatschappijkunde-2018.pdf","ok"
"/downloads/","/wp-content/uploads/2017/04/Check-CSE-Maatschappijleer-2-2017.pdf","ok"
"/downloads/","/wp-content/uploads/2020/03/3_Massamedia.pdf","ok"
"/downloads/","/wp-content/uploads/2018/12/Multiculturele-Samenleving-Kerndoel-1-tm-5-leertekst.pdf","ok"
"/downloads/","/wp-content/uploads/2018/12/Mens-en-Werk-Kerndoel-1-tm-6-leertekst.pdf","ok"
"/downloads/","/wp-content/uploads/2016/03/Analyse-Maatschappelijk-Vraagstuk-AMV-Kerndoel-1-tm-3-leertekst.pdf","ok"
"/downloads/","/wp-content/uploads/2016/02/Criminaliteit-en-Rechtsstaat-Leertekst-Maatschappijkunde.nl_.pdf","ok"
"/examenstof/analyse-maatschappelijk-vraagstuk/","/wp-content/uploads/2016/02/amv1.png","ok"
"/examenstof/analyse-maatschappelijk-vraagstuk/","/wp-content/uploads/2016/02/amv2.png","ok"
"/examenstof/analyse-maatschappelijk-vraagstuk/","/wp-content/uploads/2016/02/amv3.png","ok"
"/examenstof/criminaliteit-en-rechtsstaat/","/wp-content/uploads/2016/01/criminaliteitenrechtsstaat1.png","ok"
"/examenstof/criminaliteit-en-rechtsstaat/","/wp-content/uploads/2016/01/criminaliteitenrechtsstaat2.png","ok"
"/examenstof/criminaliteit-en-rechtsstaat/","/wp-content/uploads/2016/01/criminaliteitenrechtsstaat3.png","ok"
"/examenstof/criminaliteit-en-rechtsstaat/","/wp-content/uploads/2016/02/criminaliteitenrechtsstaat4.png","ok"
"/examenstof/criminaliteit-en-rechtsstaat/","/wp-content/uploads/2016/02/criminaliteitenrechtsstaat5-1.png","ok"
"/examenstof/multiculturelesamenleving-kerndoel2/","/wp-content/uploads/2016/08/schengenlanden.jpg","ok"
"/examenstof/multiculturelesamenleving-kerndoel2/","/wp-content/uploads/2016/09/eu-lidstaten-kaart-1.jpg","ok"
"/examenstof/multiculturelesamenleving-kerndoel3/","/wp-content/uploads/2016/09/werkloosheid-2010-2015-allo-auto.jpg","ok"
"/examenstof/multiculturelesamenleving-kerndoel3/","/wp-content/uploads/2016/09/Figuren-sven-figuur-36.png","ok"
"/examenstof/pluriformesamenleving-kerndoel3/","/wp-content/uploads/2017/09/Immigratie-politieke-partijen.jpg","ok"
"/examenstof/politiekenbeleid-kerndoel1-2/","/wp-content/uploads/2016/09/zetelverdeling_april_2015_0.jpg","ok"
"/examenstof/politiekenbeleid-kerndoel1-3/","/wp-content/uploads/2016/09/dsresource.jpeg","ok"
"/examenstof/politiekenbeleid-kerndoel1-3/","/wp-content/uploads/2016/09/gemeenteraad-2015.png","ok"
"/examenstof/politiekenbeleid-kerndoel2/","/wp-content/uploads/2016/09/zetelverdeling2014.png","ok"
"/examenstof/politiekenbeleid-kerndoel2/","/wp-content/uploads/2016/09/EU.jpg","ok"
"/examenstof/politiekenbeleid/","/wp-content/uploads/2015/11/Politiek-en-Beleid-kerndoel-1.1.png","ok"
"/examenstof/politiekenbeleid/","/wp-content/uploads/2015/11/Politiek-en-Beleid-kerndoel-1.2.png","ok"
"/examenstof/politiekenbeleid/","/wp-content/uploads/2016/01/politiekenbeleid1.3.png","ok"
"/examenstof/politiekenbeleid/","/wp-content/uploads/2016/01/politiekenbeleid1.4.png","ok"
"/examenstof/politiekenbeleid/","/wp-content/uploads/2016/01/politiekenbeleid2.png","ok"
"/examenstof/politiekenbeleid/","/wp-content/uploads/2016/01/politiekenbeleid3.png","ok"
"/examenstof/politiekenbeleid/","/wp-content/uploads/2016/01/politiekenbeleid4.png","ok"
"/examenstof/politiekenbeleid/","/wp-content/uploads/2016/01/politiekenbeleid5.png","ok"
"/leertips/","/wp-content/uploads/2017/04/Check-CSE-Maatschappijleer-2-2017.pdf","ok"
"/ml2-k-6-2-het-overheidsbeleid/","/wp-content/uploads/2016/08/schengenlanden.jpg","ok"
"/ml2-k-6-2-het-overheidsbeleid/","/wp-content/uploads/2016/09/eu-lidstaten-kaart-1.jpg","ok"
"/ml2-k-6-3-sociaaleconomische-positie-allochtonen/","/wp-content/uploads/2016/09/werkloosheid-2010-2015-allo-auto.jpg","ok"
"/ml2-k-6-3-sociaaleconomische-positie-allochtonen/","/wp-content/uploads/2016/09/Figuren-sven-figuur-36.png","ok"
