rank,path,views
1,/,3832
2,/examenstof/amv-kerndoel1/,1316
3,/kerndoelen/politiekenbeleid/,1126
6,/examenstof/politiekenbeleid-kerndoel3/,778
7,/kerndoelen/criminaliteit-en-rechtsstaat/,721
8,/kerndoelen/amv/,691
9,/examenstof/politiekenbeleid-kerndoel1-1/,667
10,/examenstof/amv-kerndoel2/,631
11,/begrippen/maatschappelijke-ladder/,578
12,/examenstof/massamedia-kerndoel1/,547
13,/begrippen/,495
14,/examenstof/mensenwerk-kerndoel6/,441
15,/examenstof/politiekenbeleid-kerndoel5/,370
16,/begrippen/injectienaaldtheorie/,334
17,/kerndoelen/mensenwerk/,305
18,/kerndoelen/massamedia/,304
19,/examenstof/amv-kerndoel3/,296
21,/examenstof/politiekenbeleid-kerndoel1-2/,290
22,/begrippen/westerse-cultuur/,285
23,/kerndoelen/multiculturelesamenleving/,276
24,/examenstof/politiekenbeleid-kerndoel1-3/,274
25,/examenstof/mensenwerk-kerndoel1/,263
26,/downloads/,252
27,/examenstof/verzorgingsstaat-kerndoel1/,243
28,/begrippen/maatschappelijke-positie/,237
30,/examenstof/verzorgingsstaat-kerndoel2/,234
31,/begrippen/verzorgingsstaat/,228
36,/begrippen/multi-step-flow-theorie/,162
37,/examenstof/mensenwerk-kerndoel3/,161
38,/begrippen/agendatheorie/,156
39,/begrippen/trias-politica/,152
40,/begrippen/politieke-agenda/,143
42,/examenstof/politiekenbeleid-kerndoel2/,134
44,/examenstof/massamedia-kerndoel4/,119
45,/begrippen/niet-westerse-cultuur/,118
46,/begrippen/politiek-probleem/,96
47,/begrippen/theorie-selectieve-perceptie/,95
48,/over/,89
49,/begrippen/vrije-verkiezingen/,73
50,/begrippen/criminaliteit/,72
51,/examenstof/politiekenbeleid-kerndoel1-4/,62
53,/begrippen/recht-van-motie/,58
54,/examenstof/politiekenbeleid-kerndoel4/,57
55,/begrippen/cultuuroverdracht/,55
56,/begrippen/indirecte-verkiezingen/,55
58,/begrippen/repressie/,51
59,/examenstof/mensenwerk-kerndoel5/,51
61,/begrippen/spreekbuisfunctie/,42
62,/examenstof/massamedia-kerndoel3/,42
63,/begrippen/sociale-klasse/,40
64,/begrippen/oppositiepartijen/,39
65,/begrippen/democratische-besluitvorming/,38
67,/examenstof/mensenwerk-kerndoel2/,34
68,/begrippen/grondwet/,32
69,/begrippen/media-als-betekenisverlener/,32
70,/begrippen/parlementaire-democratie/,32
71,/examenstof/rechtsstaat-kerndoel1/,32
72,/examenstof/mensenwerk-kerndoel4/,31
73,/begrippen/socialiserende-functie/,30
74,/examenstof/massamedia-kerndoel2/,30
75,/begrippen/wij-cultuur/,29
76,/examenstof/socialeverschillen-kerndoel1/,28
77,/begrippen/controlerende-functie/,27
78,/begrippen/grondrechten/,26
79,/examenstof/verzorgingsstaat-kerndoel3-2/,23
80,/begrippen/waarden/,22
81,/begrippen/ik-cultuur/,20
82,/examenstof/machtenzeggenschap-kerndoel1/,20
83,/begrippen/zwevende-kiezer/,19
85,/examenstof/socialeverschillen-kerndoel2/,19
86,/kerndoelen/maatschappijleer/,19
87,/begrippen/referentiekader/,18
88,/begrippen/volksvertegenwoordigers/,18
89,/kerndoelen/maatschappijleer-vmbo/,18
90,/begrippen/agenda-functie/,17
91,/begrippen/amusementsfunctie/,15
92,/begrippen/dictatuur/,15
93,/begrippen/tweede-kamer/,15
94,/begrippen/wetgevende-macht/,15
96,/kerndoelen/domein-b-rechtsstaat/,15
97,/begrippen/ceremoniele-functie/,14
98,/examenstof/cultuurensocialisatie-kerndoel2/,14
99,/begrippen/cultuur/,13
100,/begrippen/normen/,13
